sample	FRead	RRead
10_Z_41_A1_HR03b	/mnt/shared/projects/jhi/potato/202103_LHB_PhD/RawData/Arbor_HR03b_HR04b_Illumina_030821/6675-JK-2_021_S1_L005_R1_001.fastq.gz	/mnt/shared/projects/jhi/potato/202103_LHB_PhD/RawData/Arbor_HR03b_HR04b_Illumina_030821/6675-JK-2_021_S1_L005_R2_001.fastq.gz
13_P_7_A4_HR03b	/mnt/shared/projects/jhi/potato/202103_LHB_PhD/RawData/Arbor_HR03b_HR04b_Illumina_030821/6675-JK-2_051_S1_L005_R1_001.fastq.gz	/mnt/shared/projects/jhi/potato/202103_LHB_PhD/RawData/Arbor_HR03b_HR04b_Illumina_030821/6675-JK-2_051_S1_L005_R2_001.fastq.gz
15_JHL_140_A1_HR03b	/mnt/shared/projects/jhi/potato/202103_LHB_PhD/RawData/Arbor_HR03b_HR04b_Illumina_030821/6675-JK-2_052_S1_L005_R1_001.fastq.gz	/mnt/shared/projects/jhi/potato/202103_LHB_PhD/RawData/Arbor_HR03b_HR04b_Illumina_030821/6675-JK-2_052_S1_L005_R2_001.fastq.gz
16_MC_158_A34_HR03b	/mnt/shared/projects/jhi/potato/202103_LHB_PhD/RawData/Arbor_HR03b_HR04b_Illumina_030821/6675-JK-2_022_S1_L005_R1_001.fastq.gz	/mnt/shared/projects/jhi/potato/202103_LHB_PhD/RawData/Arbor_HR03b_HR04b_Illumina_030821/6675-JK-2_022_S1_L005_R2_001.fastq.gz
16_MC_165_A4_HR03b	/mnt/shared/projects/jhi/potato/202103_LHB_PhD/RawData/Arbor_HR03b_HR04b_Illumina_030821/6675-JK-2_023_S1_L005_R1_001.fastq.gz	/mnt/shared/projects/jhi/potato/202103_LHB_PhD/RawData/Arbor_HR03b_HR04b_Illumina_030821/6675-JK-2_023_S1_L005_R2_001.fastq.gz
16_MC_175_A11_HR03b	/mnt/shared/projects/jhi/potato/202103_LHB_PhD/RawData/Arbor_HR03b_HR04b_Illumina_030821/6675-JK-2_026_S1_L005_R1_001.fastq.gz	/mnt/shared/projects/jhi/potato/202103_LHB_PhD/RawData/Arbor_HR03b_HR04b_Illumina_030821/6675-JK-2_026_S1_L005_R2_001.fastq.gz
16_MC_194_A3_HR03b	/mnt/shared/projects/jhi/potato/202103_LHB_PhD/RawData/Arbor_HR03b_HR04b_Illumina_030821/6675-JK-2_027_S1_L005_R1_001.fastq.gz	/mnt/shared/projects/jhi/potato/202103_LHB_PhD/RawData/Arbor_HR03b_HR04b_Illumina_030821/6675-JK-2_027_S1_L005_R2_001.fastq.gz
16_MC_195_A2_HR03b	/mnt/shared/projects/jhi/potato/202103_LHB_PhD/RawData/Arbor_HR03b_HR04b_Illumina_030821/6675-JK-2_028_S1_L005_R1_001.fastq.gz	/mnt/shared/projects/jhi/potato/202103_LHB_PhD/RawData/Arbor_HR03b_HR04b_Illumina_030821/6675-JK-2_028_S1_L005_R2_001.fastq.gz
16_MC_204_A3_HR03b	/mnt/shared/projects/jhi/potato/202103_LHB_PhD/RawData/Arbor_HR03b_HR04b_Illumina_030821/6675-JK-2_031_S1_L005_R1_001.fastq.gz	/mnt/shared/projects/jhi/potato/202103_LHB_PhD/RawData/Arbor_HR03b_HR04b_Illumina_030821/6675-JK-2_031_S1_L005_R2_001.fastq.gz
Agria_HR02_v5	/mnt/shared/projects/jhi/potato/202103_RenSeq_Arbor/Arbor_HR02_Illumina_23Apr2021/6112-JK-11_1_S1_L005_R1_001.fastq.gz	/mnt/shared/projects/jhi/potato/202103_RenSeq_Arbor/Arbor_HR02_Illumina_23Apr2021/6112-JK-11_1_S1_L005_R2_001.fastq.gz
Alouette	/mnt/shared/projects/jhi/potato/201703_RenSeq/RawData/Alouette_S2_L001_R1_001.fastq.gz	/mnt/shared/projects/jhi/potato/201703_RenSeq/RawData/Alouette_S2_L001_R2_001.fastq.gz
Alverstone_Russet_HR03b	/mnt/shared/projects/jhi/potato/202103_LHB_PhD/RawData/Arbor_HR03b_HR04b_Illumina_030821/6675-JK-2_002_S1_L005_R1_001.fastq.gz	/mnt/shared/projects/jhi/potato/202103_LHB_PhD/RawData/Arbor_HR03b_HR04b_Illumina_030821/6675-JK-2_002_S1_L005_R2_001.fastq.gz
Amora	/mnt/shared/projects/jhi/potato/202103_RenSeq_Arbor/Arbor_HR02_Illumina/5930-SN_1_2_S1_L005_R1_001.fastq.gz	/mnt/shared/projects/jhi/potato/202103_RenSeq_Arbor/Arbor_HR02_Illumina/5930-SN_1_2_S1_L005_R2_001.fastq.gz
Annabelle	/mnt/shared/projects/jhi/potato/202201_RESAS_PCN/23022022_Arbor_RenSeq/7638-JK-6_043_S1_L005_R1_001.fastq.gz	/mnt/shared/projects/jhi/potato/202201_RESAS_PCN/23022022_Arbor_RenSeq/7638-JK-6_043_S1_L005_R2_001.fastq.gz
Arizona	/mnt/shared/projects/jhi/potato/202103_RenSeq_Arbor/Arbor_HR02_Illumina/5930-SN_1_50_S1_L005_R1_001.fastq.gz	/mnt/shared/projects/jhi/potato/202103_RenSeq_Arbor/Arbor_HR02_Illumina/5930-SN_1_50_S1_L005_R2_001.fastq.gz
Arran_Victory	/mnt/shared/projects/jhi/potato/201710_RenSeq_H2BOTR/RawData/Arran-Victory_S5_L001_R1_001.fastq.gz	/mnt/shared/projects/jhi/potato/201710_RenSeq_H2BOTR/RawData/Arran-Victory_S5_L001_R2_001.fastq.gz
Arsenal_HR03b	/mnt/shared/projects/jhi/potato/202103_LHB_PhD/RawData/Arbor_HR03b_HR04b_Illumina_030821/6675-JK-2_004_S1_L005_R1_001.fastq.gz	/mnt/shared/projects/jhi/potato/202103_LHB_PhD/RawData/Arbor_HR03b_HR04b_Illumina_030821/6675-JK-2_004_S1_L005_R2_001.fastq.gz
Athlete	/mnt/shared/projects/jhi/potato/201703_RenSeq/RawData/Athlete_S1_L001_R1_001.fastq.gz	/mnt/shared/projects/jhi/potato/201703_RenSeq/RawData/Athlete_S1_L001_R2_001.fastq.gz
Atlantic_HR02_v5	/mnt/shared/projects/jhi/potato/202103_RenSeq_Arbor/Arbor_HR02_Illumina_23Apr2021/6112-JK-11_4_S1_L005_R1_001.fastq.gz	/mnt/shared/projects/jhi/potato/202103_RenSeq_Arbor/Arbor_HR02_Illumina_23Apr2021/6112-JK-11_4_S1_L005_R2_001.fastq.gz
Bartina	/mnt/shared/projects/jhi/potato/202201_RESAS_PCN/23022022_Arbor_RenSeq/7638-JK-6_045_S1_L005_R1_001.fastq.gz	/mnt/shared/projects/jhi/potato/202201_RESAS_PCN/23022022_Arbor_RenSeq/7638-JK-6_045_S1_L005_R2_001.fastq.gz
Basin_Russet	/mnt/shared/projects/jhi/potato/201806_RenSeq_VY12/RawData/Basin-Russet_S5_L001_R1_001.fastq.gz	/mnt/shared/projects/jhi/potato/201806_RenSeq_VY12/RawData/Basin-Russet_S5_L001_R2_001.fastq.gz
Bintje_NC	/mnt/shared/projects/jhi/potato/201712_RenSeq_NC10YW2/RawData/NC-P6_S6_L001_R1_001.fastq.gz	/mnt/shared/projects/jhi/potato/201712_RenSeq_NC10YW2/RawData/NC-P6_S6_L001_R2_001.fastq.gz
Brodie	/mnt/shared/projects/jhi/potato/202103_RenSeq_Arbor/Arbor_HR02_Illumina/5930-SN_1_43_S1_L005_R1_001.fastq.gz	/mnt/shared/projects/jhi/potato/202103_RenSeq_Arbor/Arbor_HR02_Illumina/5930-SN_1_43_S1_L005_R2_001.fastq.gz
Brooke	/mnt/shared/projects/jhi/potato/202103_RenSeq_Arbor/Arbor_HR02_Illumina/5930-SN_1_4_S1_L005_R1_001.fastq.gz	/mnt/shared/projects/jhi/potato/202103_RenSeq_Arbor/Arbor_HR02_Illumina/5930-SN_1_4_S1_L005_R2_001.fastq.gz
Burren	/mnt/shared/projects/jhi/potato/202103_RenSeq_Arbor/Arbor_HR02_Illumina_23Apr2021/6112-JK-11_6_S1_L005_R1_001.fastq.gz	/mnt/shared/projects/jhi/potato/202103_RenSeq_Arbor/Arbor_HR02_Illumina_23Apr2021/6112-JK-11_6_S1_L005_R2_001.fastq.gz
Buster	/mnt/shared/projects/jhi/potato/202201_RESAS_PCN/23022022_Arbor_RenSeq/7638-JK-6_058_S1_L005_R1_001.fastq.gz	/mnt/shared/projects/jhi/potato/202201_RESAS_PCN/23022022_Arbor_RenSeq/7638-JK-6_058_S1_L005_R2_001.fastq.gz
Bute	/mnt/shared/projects/jhi/potato/202103_RenSeq_Arbor/Arbor_HR02_Illumina_23Apr2021/6112-JK-11_7_S1_L005_R1_001.fastq.gz	/mnt/shared/projects/jhi/potato/202103_RenSeq_Arbor/Arbor_HR02_Illumina_23Apr2021/6112-JK-11_7_S1_L005_R2_001.fastq.gz
Cabaret	/mnt/shared/projects/jhi/potato/201705_RenSeq/RawData/UKTop20_set1_combined/Cabaret_S7_L001_R1_001.fastq.gz	/mnt/shared/projects/jhi/potato/201705_RenSeq/RawData/UKTop20_set1_combined/Cabaret_S7_L001_R2_001.fastq.gz
Camel	/mnt/shared/projects/jhi/potato/202103_RenSeq_Arbor/Arbor_HR02_Illumina_23Apr2021/6112-JK-11_8_S1_L005_R1_001.fastq.gz	/mnt/shared/projects/jhi/potato/202103_RenSeq_Arbor/Arbor_HR02_Illumina_23Apr2021/6112-JK-11_8_S1_L005_R2_001.fastq.gz
Cammeo	/mnt/shared/projects/jhi/potato/201703_RenSeq/RawData/Cammeo_S4_L001_R1_001.fastq.gz	/mnt/shared/projects/jhi/potato/201703_RenSeq/RawData/Cammeo_S4_L001_R2_001.fastq.gz
Cara_HR02_v5	/mnt/shared/projects/jhi/potato/202103_RenSeq_Arbor/Arbor_HR02_Illumina_23Apr2021/6112-JK-11_9_S1_L005_R1_001.fastq.gz	/mnt/shared/projects/jhi/potato/202103_RenSeq_Arbor/Arbor_HR02_Illumina_23Apr2021/6112-JK-11_9_S1_L005_R2_001.fastq.gz
Carolus_HR02_v5	/mnt/shared/projects/jhi/potato/202103_RenSeq_Arbor/Arbor_HR02_Illumina_23Apr2021/6112-JK-11_10_S1_L005_R1_001.fastq.gz	/mnt/shared/projects/jhi/potato/202103_RenSeq_Arbor/Arbor_HR02_Illumina_23Apr2021/6112-JK-11_10_S1_L005_R2_001.fastq.gz
Catriona	/mnt/shared/projects/jhi/potato/202201_RESAS_PCN/14062022_Arbor_RenSeq/8295-JK-1_050_S1_L005_R1_001.fastq.gz	/mnt/shared/projects/jhi/potato/202201_RESAS_PCN/14062022_Arbor_RenSeq/8295-JK-1_050_S1_L005_R2_001.fastq.gz
Challenger	/mnt/shared/projects/jhi/potato/202103_RenSeq_Arbor/Arbor_HR02_Illumina/5930-SN_1_5_S1_L005_R1_001.fastq.gz	/mnt/shared/projects/jhi/potato/202103_RenSeq_Arbor/Arbor_HR02_Illumina/5930-SN_1_5_S1_L005_R2_001.fastq.gz
Charlotte	/mnt/shared/projects/jhi/potato/201705_RenSeq/RawData/UKTop20_set1_combined/Charlotte_S8_L001_R1_001.fastq.gz	/mnt/shared/projects/jhi/potato/201705_RenSeq/RawData/UKTop20_set1_combined/Charlotte_S8_L001_R2_001.fastq.gz
Cultra	/mnt/shared/projects/jhi/potato/202103_RenSeq_Arbor/Arbor_HR02_Illumina/5930-SN_1_6_S1_L005_R1_001.fastq.gz	/mnt/shared/projects/jhi/potato/202103_RenSeq_Arbor/Arbor_HR02_Illumina/5930-SN_1_6_S1_L005_R2_001.fastq.gz
Daisy	/mnt/shared/projects/jhi/potato/202103_RenSeq_Arbor/Arbor_HR02_Illumina/5930-SN_1_28_S1_L005_R1_001.fastq.gz	/mnt/shared/projects/jhi/potato/202103_RenSeq_Arbor/Arbor_HR02_Illumina/5930-SN_1_28_S1_L005_R2_001.fastq.gz
Desiree_HR02_v5	/mnt/shared/projects/jhi/potato/202103_RenSeq_Arbor/Arbor_HR02_Illumina_23Apr2021/6112-JK-11_11_S1_L005_R1_001.fastq.gz	/mnt/shared/projects/jhi/potato/202103_RenSeq_Arbor/Arbor_HR02_Illumina_23Apr2021/6112-JK-11_11_S1_L005_R2_001.fastq.gz
DM	/mnt/shared/projects/jhi/potato/201710_RenSeq_H2BOTR/RawData/DM_S4_L001_R1_001.fastq.gz	/mnt/shared/projects/jhi/potato/201710_RenSeq_H2BOTR/RawData/DM_S4_L001_R2_001.fastq.gz
Edzell_Blue	/mnt/shared/projects/jhi/potato/202201_RESAS_PCN/14062022_Arbor_RenSeq/8295-JK-1_049_S1_L005_R1_001.fastq.gz	/mnt/shared/projects/jhi/potato/202201_RESAS_PCN/14062022_Arbor_RenSeq/8295-JK-1_049_S1_L005_R2_001.fastq.gz
Electra	/mnt/shared/projects/jhi/potato/202103_RenSeq_Arbor/Arbor_HR02_Illumina/5930-SN_1_7_S1_L005_R1_001.fastq.gz	/mnt/shared/projects/jhi/potato/202103_RenSeq_Arbor/Arbor_HR02_Illumina/5930-SN_1_7_S1_L005_R2_001.fastq.gz
Elland_HR03b	/mnt/shared/projects/jhi/potato/202103_LHB_PhD/RawData/Arbor_HR03b_HR04b_Illumina_030821/6675-JK-2_007_S1_L005_R1_001.fastq.gz	/mnt/shared/projects/jhi/potato/202103_LHB_PhD/RawData/Arbor_HR03b_HR04b_Illumina_030821/6675-JK-2_007_S1_L005_R2_001.fastq.gz
Estima_HR02_v5	/mnt/shared/projects/jhi/potato/202103_RenSeq_Arbor/Arbor_HR02_Illumina_23Apr2021/6112-JK-11_12_S1_L005_R1_001.fastq.gz	/mnt/shared/projects/jhi/potato/202103_RenSeq_Arbor/Arbor_HR02_Illumina_23Apr2021/6112-JK-11_12_S1_L005_R2_001.fastq.gz
Eurostar	/mnt/shared/projects/jhi/potato/202103_RenSeq_Arbor/Arbor_HR02_Illumina/5930-SN_1_29_S1_L005_R1_001.fastq.gz	/mnt/shared/projects/jhi/potato/202103_RenSeq_Arbor/Arbor_HR02_Illumina/5930-SN_1_29_S1_L005_R2_001.fastq.gz
Favorite	/mnt/shared/projects/jhi/potato/202103_RenSeq_Arbor/Arbor_HR02_Illumina_23Apr2021/6112-JK-11_90_S1_L005_R1_001.fastq.gz	/mnt/shared/projects/jhi/potato/202103_RenSeq_Arbor/Arbor_HR02_Illumina_23Apr2021/6112-JK-11_90_S1_L005_R2_001.fastq.gz
Fontane	/mnt/shared/projects/jhi/potato/201705_RenSeq/RawData/UKTop20_set2/Fontane_S8_L001_R1_001.fastq.gz	/mnt/shared/projects/jhi/potato/201705_RenSeq/RawData/UKTop20_set2/Fontane_S8_L001_R2_001.fastq.gz
Gemson_tp50_v5	/mnt/shared/projects/jhi/potato/202103_RenSeq_Arbor/Arbor_HR02_Illumina/5930-SN_1_8_S1_L005_R1_001.fastq.gz	/mnt/shared/projects/jhi/potato/202103_RenSeq_Arbor/Arbor_HR02_Illumina/5930-SN_1_8_S1_L005_R2_001.fastq.gz
Hermes_HR02_v5	/mnt/shared/projects/jhi/potato/202103_RenSeq_Arbor/Arbor_HR02_Illumina_23Apr2021/6112-JK-11_16_S1_L005_R1_001.fastq.gz	/mnt/shared/projects/jhi/potato/202103_RenSeq_Arbor/Arbor_HR02_Illumina_23Apr2021/6112-JK-11_16_S1_L005_R2_001.fastq.gz
Inca_Bella	/mnt/shared/projects/jhi/potato/202103_RenSeq_Arbor/Arbor_HR02_Illumina_23Apr2021/6112-JK-11_17_S1_L005_R1_001.fastq.gz	/mnt/shared/projects/jhi/potato/202103_RenSeq_Arbor/Arbor_HR02_Illumina_23Apr2021/6112-JK-11_17_S1_L005_R2_001.fastq.gz
Innovator_HR02_v5	/mnt/shared/projects/jhi/potato/202103_RenSeq_Arbor/Arbor_HR02_Illumina_23Apr2021/6112-JK-11_18_S1_L005_R1_001.fastq.gz	/mnt/shared/projects/jhi/potato/202103_RenSeq_Arbor/Arbor_HR02_Illumina_23Apr2021/6112-JK-11_18_S1_L005_R2_001.fastq.gz
Ivetta_HR03b	/mnt/shared/projects/jhi/potato/202103_LHB_PhD/RawData/Arbor_HR03b_HR04b_Illumina_030821/6675-JK-2_012_S1_L005_R1_001.fastq.gz	/mnt/shared/projects/jhi/potato/202103_LHB_PhD/RawData/Arbor_HR03b_HR04b_Illumina_030821/6675-JK-2_012_S1_L005_R2_001.fastq.gz
Jelly_tp50_v5	/mnt/shared/projects/jhi/potato/202103_RenSeq_Arbor/Arbor_HR02_Illumina/5930-SN_1_9_S1_L005_R1_001.fastq.gz	/mnt/shared/projects/jhi/potato/202103_RenSeq_Arbor/Arbor_HR02_Illumina/5930-SN_1_9_S1_L005_R2_001.fastq.gz
Kelly_HR02_v5	/mnt/shared/projects/jhi/potato/202103_RenSeq_Arbor/Arbor_HR02_Illumina_23Apr2021/6112-JK-11_22_S1_L005_R1_001.fastq.gz	/mnt/shared/projects/jhi/potato/202103_RenSeq_Arbor/Arbor_HR02_Illumina_23Apr2021/6112-JK-11_22_S1_L005_R2_001.fastq.gz
Kennebec	/mnt/shared/projects/jhi/potato/201802_RenSeq_NC11-23/RawData/NC-P16_S6_L001_R1_001.fastq.gz	/mnt/shared/projects/jhi/potato/201802_RenSeq_NC11-23/RawData/NC-P16_S6_L001_R2_001.fastq.gz
King_Edward	/mnt/shared/projects/jhi/potato/201705_RenSeq/RawData/UKTop20_set2/King-Edward_S11_L001_R1_001.fastq.gz	/mnt/shared/projects/jhi/potato/201705_RenSeq/RawData/UKTop20_set2/King-Edward_S11_L001_R2_001.fastq.gz
KING_RUSSET	/mnt/shared/projects/jhi/potato/202201_RESAS_PCN/14062022_Arbor_RenSeq/8295-JK-1_043_S1_L005_R1_001.fastq.gz	/mnt/shared/projects/jhi/potato/202201_RESAS_PCN/14062022_Arbor_RenSeq/8295-JK-1_043_S1_L005_R2_001.fastq.gz
Lady_Amarilla	/mnt/shared/projects/jhi/potato/202201_RESAS_PCN/23022022_Arbor_RenSeq/7638-JK-6_049_S1_L005_R1_001.fastq.gz	/mnt/shared/projects/jhi/potato/202201_RESAS_PCN/23022022_Arbor_RenSeq/7638-JK-6_049_S1_L005_R2_001.fastq.gz
Lady_Anna	/mnt/shared/projects/jhi/potato/202103_RenSeq_Arbor/Arbor_HR02_Illumina_23Apr2021/6112-JK-11_24_S1_L005_R1_001.fastq.gz	/mnt/shared/projects/jhi/potato/202103_RenSeq_Arbor/Arbor_HR02_Illumina_23Apr2021/6112-JK-11_24_S1_L005_R2_001.fastq.gz
Lady_Clair	/mnt/shared/projects/jhi/potato/201908_RenSeq_Ma12/RawData/Lady-Claire_S9_L001_R1_001.fastq.gz	/mnt/shared/projects/jhi/potato/201908_RenSeq_Ma12/RawData/Lady-Claire_S9_L001_R2_001.fastq.gz
Lady_Rosetta_HR02_v5	/mnt/shared/projects/jhi/potato/202103_RenSeq_Arbor/Arbor_HR02_Illumina_23Apr2021/6112-JK-11_26_S1_L005_R1_001.fastq.gz	/mnt/shared/projects/jhi/potato/202103_RenSeq_Arbor/Arbor_HR02_Illumina_23Apr2021/6112-JK-11_26_S1_L005_R2_001.fastq.gz
LaStrada	/mnt/shared/projects/jhi/potato/202103_RenSeq_Arbor/Arbor_HR02_Illumina_23Apr2021/6112-JK-11_23_S1_L005_R1_001.fastq.gz	/mnt/shared/projects/jhi/potato/202103_RenSeq_Arbor/Arbor_HR02_Illumina_23Apr2021/6112-JK-11_23_S1_L005_R2_001.fastq.gz
Lionheart	/mnt/shared/projects/jhi/potato/202103_RenSeq_Arbor/Arbor_HR02_Illumina_23Apr2021/6112-JK-11_27_S1_L005_R1_001.fastq.gz	/mnt/shared/projects/jhi/potato/202103_RenSeq_Arbor/Arbor_HR02_Illumina_23Apr2021/6112-JK-11_27_S1_L005_R2_001.fastq.gz
Lorimer_HR03b	/mnt/shared/projects/jhi/potato/202103_LHB_PhD/RawData/Arbor_HR03b_HR04b_Illumina_030821/6675-JK-2_044_S1_L005_R1_001.fastq.gz	/mnt/shared/projects/jhi/potato/202103_LHB_PhD/RawData/Arbor_HR03b_HR04b_Illumina_030821/6675-JK-2_044_S1_L005_R2_001.fastq.gz
Manitou	/mnt/shared/projects/jhi/potato/202103_RenSeq_Arbor/Arbor_HR02_Illumina_23Apr2021/6112-JK-11_28_S1_L005_R1_001.fastq.gz	/mnt/shared/projects/jhi/potato/202103_RenSeq_Arbor/Arbor_HR02_Illumina_23Apr2021/6112-JK-11_28_S1_L005_R2_001.fastq.gz
Marfona_HR02_v5	/mnt/shared/projects/jhi/potato/202103_RenSeq_Arbor/Arbor_HR02_Illumina_23Apr2021/6112-JK-11_29_S1_L005_R1_001.fastq.gz	/mnt/shared/projects/jhi/potato/202103_RenSeq_Arbor/Arbor_HR02_Illumina_23Apr2021/6112-JK-11_29_S1_L005_R2_001.fastq.gz
Maris_Bard	/mnt/shared/projects/jhi/potato/202103_RenSeq_Arbor/Arbor_HR02_Illumina/5930-SN_1_10_S1_L005_R1_001.fastq.gz	/mnt/shared/projects/jhi/potato/202103_RenSeq_Arbor/Arbor_HR02_Illumina/5930-SN_1_10_S1_L005_R2_001.fastq.gz
Maris_Peer_tp50_v5	/mnt/shared/projects/jhi/potato/202103_RenSeq_Arbor/Arbor_HR02_Illumina/5930-SN_1_11_S1_L005_R1_001.fastq.gz	/mnt/shared/projects/jhi/potato/202103_RenSeq_Arbor/Arbor_HR02_Illumina/5930-SN_1_11_S1_L005_R2_001.fastq.gz
Maris_Piper_HR02_v5	/mnt/shared/projects/jhi/potato/202103_RenSeq_Arbor/Arbor_HR02_Illumina_23Apr2021/6112-JK-11_31_S1_L005_R1_001.fastq.gz	/mnt/shared/projects/jhi/potato/202103_RenSeq_Arbor/Arbor_HR02_Illumina_23Apr2021/6112-JK-11_31_S1_L005_R2_001.fastq.gz
Markies_HR02_v5	/mnt/shared/projects/jhi/potato/202103_RenSeq_Arbor/Arbor_HR02_Illumina_23Apr2021/6112-JK-11_32_S1_L005_R1_001.fastq.gz	/mnt/shared/projects/jhi/potato/202103_RenSeq_Arbor/Arbor_HR02_Illumina_23Apr2021/6112-JK-11_32_S1_L005_R2_001.fastq.gz
Mayan_Rose	/mnt/shared/projects/jhi/potato/202103_RenSeq_Arbor/Arbor_HR02_Illumina_23Apr2021/6112-JK-11_33_S1_L005_R1_001.fastq.gz	/mnt/shared/projects/jhi/potato/202103_RenSeq_Arbor/Arbor_HR02_Illumina_23Apr2021/6112-JK-11_33_S1_L005_R2_001.fastq.gz
Melody	/mnt/shared/projects/jhi/potato/201705_RenSeq/RawData/UKTop20_set2/Melody_S9_L001_R1_001.fastq.gz	/mnt/shared/projects/jhi/potato/201705_RenSeq/RawData/UKTop20_set2/Melody_S9_L001_R2_001.fastq.gz
Mozart	/mnt/shared/projects/jhi/potato/202103_RenSeq_Arbor/Arbor_HR02_Illumina/5930-SN_1_12_S1_L005_R1_001.fastq.gz	/mnt/shared/projects/jhi/potato/202103_RenSeq_Arbor/Arbor_HR02_Illumina/5930-SN_1_12_S1_L005_R2_001.fastq.gz
Nadine	/mnt/shared/projects/jhi/potato/202103_RenSeq_Arbor/Arbor_HR02_Illumina/5930-SN_1_47_S1_L005_R1_001.fastq.gz	/mnt/shared/projects/jhi/potato/202103_RenSeq_Arbor/Arbor_HR02_Illumina/5930-SN_1_47_S1_L005_R2_001.fastq.gz
Nectar_tp50_v5	/mnt/shared/projects/jhi/potato/202103_RenSeq_Arbor/Arbor_HR02_Illumina/5930-SN_1_13_S1_L005_R1_001.fastq.gz	/mnt/shared/projects/jhi/potato/202103_RenSeq_Arbor/Arbor_HR02_Illumina/5930-SN_1_13_S1_L005_R2_001.fastq.gz
Orchestra	/mnt/shared/projects/jhi/potato/202103_RenSeq_Arbor/Arbor_HR02_Illumina/5930-SN_1_31_S1_L005_R1_001.fastq.gz	/mnt/shared/projects/jhi/potato/202103_RenSeq_Arbor/Arbor_HR02_Illumina/5930-SN_1_31_S1_L005_R2_001.fastq.gz
Osprey_tp50_v5	/mnt/shared/projects/jhi/potato/202103_RenSeq_Arbor/Arbor_HR02_Illumina/5930-SN_1_14_S1_L005_R1_001.fastq.gz	/mnt/shared/projects/jhi/potato/202103_RenSeq_Arbor/Arbor_HR02_Illumina/5930-SN_1_14_S1_L005_R2_001.fastq.gz
Panther_HR03b	/mnt/shared/projects/jhi/potato/202103_LHB_PhD/RawData/Arbor_HR03b_HR04b_Illumina_030821/6675-JK-2_015_S1_L005_R1_001.fastq.gz	/mnt/shared/projects/jhi/potato/202103_LHB_PhD/RawData/Arbor_HR03b_HR04b_Illumina_030821/6675-JK-2_015_S1_L005_R2_001.fastq.gz
Pentland_Dell_HR02_v5	/mnt/shared/projects/jhi/potato/202103_RenSeq_Arbor/Arbor_HR02_Illumina_23Apr2021/6112-JK-11_37_S1_L005_R1_001.fastq.gz	/mnt/shared/projects/jhi/potato/202103_RenSeq_Arbor/Arbor_HR02_Illumina_23Apr2021/6112-JK-11_37_S1_L005_R2_001.fastq.gz
Performer	/mnt/shared/projects/jhi/potato/202201_RESAS_PCN/23022022_Arbor_RenSeq/7638-JK-6_057_S1_L005_R1_001.fastq.gz	/mnt/shared/projects/jhi/potato/202201_RESAS_PCN/23022022_Arbor_RenSeq/7638-JK-6_057_S1_L005_R2_001.fastq.gz
Picasso	/mnt/shared/projects/jhi/potato/201608_RenSeq_H2/run2/H2-Picasso_S3_L001_R1_001.fastq.gz	/mnt/shared/projects/jhi/potato/201608_RenSeq_H2/run2/H2-Picasso_S3_L001_R2_001.fastq.gz
Pink_Fur_Apple	/mnt/shared/projects/jhi/potato/201705_RenSeq/RawData/heritage/Pink-Fur-Apple_S2_L001_R1_001.fastq.gz	/mnt/shared/projects/jhi/potato/201705_RenSeq/RawData/heritage/Pink-Fur-Apple_S2_L001_R2_001.fastq.gz
Premiere_tp50_v5	/mnt/shared/projects/jhi/potato/202103_RenSeq_Arbor/Arbor_HR02_Illumina/5930-SN_1_15_S1_L005_R1_001.fastq.gz	/mnt/shared/projects/jhi/potato/202103_RenSeq_Arbor/Arbor_HR02_Illumina/5930-SN_1_15_S1_L005_R2_001.fastq.gz
Purple_Majesty	/mnt/shared/projects/jhi/potato/202103_RenSeq_Arbor/Arbor_HR02_Illumina/5930-SN_1_39_S1_L005_R1_001.fastq.gz	/mnt/shared/projects/jhi/potato/202103_RenSeq_Arbor/Arbor_HR02_Illumina/5930-SN_1_39_S1_L005_R2_001.fastq.gz
Ranger_Russet	/mnt/shared/projects/jhi/potato/201802_RenSeq_NC11-23/RawData/NC-P21_S11_L001_R1_001.fastq.gz	/mnt/shared/projects/jhi/potato/201802_RenSeq_NC11-23/RawData/NC-P21_S11_L001_R2_001.fastq.gz
Rivera	/mnt/shared/projects/jhi/potato/202201_RESAS_PCN/23022022_Arbor_RenSeq/7638-JK-6_055_S1_L005_R1_001.fastq.gz	/mnt/shared/projects/jhi/potato/202201_RESAS_PCN/23022022_Arbor_RenSeq/7638-JK-6_055_S1_L005_R2_001.fastq.gz
Rock	/mnt/shared/projects/jhi/potato/202103_RenSeq_Arbor/Arbor_HR02_Illumina_23Apr2021/6112-JK-11_40_S1_L005_R1_001.fastq.gz	/mnt/shared/projects/jhi/potato/202103_RenSeq_Arbor/Arbor_HR02_Illumina_23Apr2021/6112-JK-11_40_S1_L005_R2_001.fastq.gz
Rooster_HR02_v5	/mnt/shared/projects/jhi/potato/202103_RenSeq_Arbor/Arbor_HR02_Illumina_23Apr2021/6112-JK-11_41_S1_L005_R1_001.fastq.gz	/mnt/shared/projects/jhi/potato/202103_RenSeq_Arbor/Arbor_HR02_Illumina_23Apr2021/6112-JK-11_41_S1_L005_R2_001.fastq.gz
Royal_tp50_v5	/mnt/shared/projects/jhi/potato/202103_RenSeq_Arbor/Arbor_HR02_Illumina/5930-SN_1_17_S1_L005_R1_001.fastq.gz	/mnt/shared/projects/jhi/potato/202103_RenSeq_Arbor/Arbor_HR02_Illumina/5930-SN_1_17_S1_L005_R2_001.fastq.gz
Rudolph	/mnt/shared/projects/jhi/potato/202201_RESAS_PCN/23022022_Arbor_RenSeq/7638-JK-6_059_S1_L005_R1_001.fastq.gz	/mnt/shared/projects/jhi/potato/202201_RESAS_PCN/23022022_Arbor_RenSeq/7638-JK-6_059_S1_L005_R2_001.fastq.gz
Russet_Burbank_smplt_v4	/mnt/shared/projects/jhi/potato/201803_RenSeq_NC23_33/RawData/NC-P23_S1_L001_R1_001.fastq.gz	/mnt/shared/projects/jhi/potato/201803_RenSeq_NC23_33/RawData/NC-P23_S1_L001_R2_001.fastq.gz
Safari	/mnt/shared/projects/jhi/potato/202103_RenSeq_Arbor/Arbor_HR02_Illumina_23Apr2021/6112-JK-11_44_S1_L005_R1_001.fastq.gz	/mnt/shared/projects/jhi/potato/202103_RenSeq_Arbor/Arbor_HR02_Illumina_23Apr2021/6112-JK-11_44_S1_L005_R2_001.fastq.gz
Sagitta	/mnt/shared/projects/jhi/potato/202103_RenSeq_Arbor/Arbor_HR02_Illumina/5930-SN_1_18_S1_L005_R1_001.fastq.gz	/mnt/shared/projects/jhi/potato/202103_RenSeq_Arbor/Arbor_HR02_Illumina/5930-SN_1_18_S1_L005_R2_001.fastq.gz
Sangre	/mnt/shared/projects/jhi/potato/202103_RenSeq_Arbor/Arbor_HR02_Illumina/5930-SN_1_37_S1_L005_R1_001.fastq.gz	/mnt/shared/projects/jhi/potato/202103_RenSeq_Arbor/Arbor_HR02_Illumina/5930-SN_1_37_S1_L005_R2_001.fastq.gz
Saphire	/mnt/shared/projects/jhi/potato/202201_RESAS_PCN/23022022_Arbor_RenSeq/7638-JK-6_050_S1_L005_R1_001.fastq.gz	/mnt/shared/projects/jhi/potato/202201_RESAS_PCN/23022022_Arbor_RenSeq/7638-JK-6_050_S1_L005_R2_001.fastq.gz
Sarpo_Mira	/mnt/shared/projects/jhi/potato/201710_RenSeq_H2BOTR/RawData/Sarpo-Mira_S11_L001_R1_001.fastq.gz	/mnt/shared/projects/jhi/potato/201710_RenSeq_H2BOTR/RawData/Sarpo-Mira_S11_L001_R2_001.fastq.gz
Saturna_tp50_v5	/mnt/shared/projects/jhi/potato/202103_RenSeq_Arbor/Arbor_HR02_Illumina/5930-SN_1_20_S1_L005_R1_001.fastq.gz	/mnt/shared/projects/jhi/potato/202103_RenSeq_Arbor/Arbor_HR02_Illumina/5930-SN_1_20_S1_L005_R2_001.fastq.gz
Saxon_HR02_v5	/mnt/shared/projects/jhi/potato/202103_RenSeq_Arbor/Arbor_HR02_Illumina_23Apr2021/6112-JK-11_48_S1_L005_R1_001.fastq.gz	/mnt/shared/projects/jhi/potato/202103_RenSeq_Arbor/Arbor_HR02_Illumina_23Apr2021/6112-JK-11_48_S1_L005_R2_001.fastq.gz
Seresta	/mnt/shared/projects/jhi/potato/202201_RESAS_PCN/23022022_Arbor_RenSeq/7638-JK-6_051_S1_L005_R1_001.fastq.gz	/mnt/shared/projects/jhi/potato/202201_RESAS_PCN/23022022_Arbor_RenSeq/7638-JK-6_051_S1_L005_R2_001.fastq.gz
Shelford	/mnt/shared/projects/jhi/potato/202103_RenSeq_Arbor/Arbor_HR02_Illumina/5930-SN_1_21_S1_L005_R1_001.fastq.gz	/mnt/shared/projects/jhi/potato/202103_RenSeq_Arbor/Arbor_HR02_Illumina/5930-SN_1_21_S1_L005_R2_001.fastq.gz
Shepody_HR02_tp50CH_v5	/mnt/shared/projects/jhi/potato/202103_RenSeq_Arbor/Arbor_HR02_Illumina_23Apr2021/6112-JK-11_83_S1_L005_R1_001.fastq.gz	/mnt/shared/projects/jhi/potato/202103_RenSeq_Arbor/Arbor_HR02_Illumina_23Apr2021/6112-JK-11_83_S1_L005_R2_001.fastq.gz
Spunta_v4	/mnt/shared/projects/jhi/potato/201710_RenSeq_H2BOTR/RawData/Spunta_S12_L001_R1_001.fastq.gz	/mnt/shared/projects/jhi/potato/201710_RenSeq_H2BOTR/RawData/Spunta_S12_L001_R2_001.fastq.gz
Stirling	/mnt/shared/projects/jhi/potato/201703_RenSeq/RawData/Stirling_S9_L001_R1_001.fastq.gz	/mnt/shared/projects/jhi/potato/201703_RenSeq/RawData/Stirling_S9_L001_R2_001.fastq.gz
Strachan_HR03b	/mnt/shared/projects/jhi/potato/202103_LHB_PhD/RawData/Arbor_HR03b_HR04b_Illumina_030821/6675-JK-2_045_S1_L005_R1_001.fastq.gz	/mnt/shared/projects/jhi/potato/202103_LHB_PhD/RawData/Arbor_HR03b_HR04b_Illumina_030821/6675-JK-2_045_S1_L005_R2_001.fastq.gz
Sunita	/mnt/shared/projects/jhi/potato/202201_RESAS_PCN/23022022_Arbor_RenSeq/7638-JK-6_053_S1_L005_R1_001.fastq.gz	/mnt/shared/projects/jhi/potato/202201_RESAS_PCN/23022022_Arbor_RenSeq/7638-JK-6_053_S1_L005_R2_001.fastq.gz
Sylvana_tp50_v5	/mnt/shared/projects/jhi/potato/202103_RenSeq_Arbor/Arbor_HR02_Illumina/5930-SN_1_22_S1_L005_R1_001.fastq.gz	/mnt/shared/projects/jhi/potato/202103_RenSeq_Arbor/Arbor_HR02_Illumina/5930-SN_1_22_S1_L005_R2_001.fastq.gz
Taurus	/mnt/shared/projects/jhi/potato/201908_RenSeq_Ma12/RawData/Taurus_S10_L001_R1_001.fastq.gz	/mnt/shared/projects/jhi/potato/201908_RenSeq_Ma12/RawData/Taurus_S10_L001_R2_001.fastq.gz
Toluca	/mnt/shared/projects/jhi/potato/201710_RenSeq_H2BOTR/RawData/Toluca_S8_L001_R1_001.fastq.gz	/mnt/shared/projects/jhi/potato/201710_RenSeq_H2BOTR/RawData/Toluca_S8_L001_R2_001.fastq.gz
Toronto_HR03b	/mnt/shared/projects/jhi/potato/202103_LHB_PhD/RawData/Arbor_HR03b_HR04b_Illumina_030821/6675-JK-2_017_S1_L005_R1_001.fastq.gz	/mnt/shared/projects/jhi/potato/202103_LHB_PhD/RawData/Arbor_HR03b_HR04b_Illumina_030821/6675-JK-2_017_S1_L005_R2_001.fastq.gz
Umatilla_Russet_USA_v5	/mnt/shared/projects/jhi/potato/202103_RenSeq_Arbor/Arbor_HR02_Illumina/5930-SN_1_33_S1_L005_R1_001.fastq.gz	/mnt/shared/projects/jhi/potato/202103_RenSeq_Arbor/Arbor_HR02_Illumina/5930-SN_1_33_S1_L005_R2_001.fastq.gz
Vales_Sovereign_tp50_v5	/mnt/shared/projects/jhi/potato/202103_RenSeq_Arbor/Arbor_HR02_Illumina/5930-SN_1_23_S1_L005_R1_001.fastq.gz	/mnt/shared/projects/jhi/potato/202103_RenSeq_Arbor/Arbor_HR02_Illumina/5930-SN_1_23_S1_L005_R2_001.fastq.gz
Valor	/mnt/shared/projects/jhi/potato/202201_RESAS_PCN/23022022_Arbor_RenSeq/7638-JK-6_061_S1_L005_R1_001.fastq.gz	/mnt/shared/projects/jhi/potato/202201_RESAS_PCN/23022022_Arbor_RenSeq/7638-JK-6_061_S1_L005_R2_001.fastq.gz
Violeta	/mnt/shared/projects/jhi/potato/202003_RenSeq_Sonia/RawData/Violeta_S4_L001_R1_001.fastq.gz	/mnt/shared/projects/jhi/potato/202003_RenSeq_Sonia/RawData/Violeta_S4_L001_R2_001.fastq.gz
Vivaldi_tp50_v5	/mnt/shared/projects/jhi/potato/202103_RenSeq_Arbor/Arbor_HR02_Illumina/5930-SN_1_25_S1_L005_R1_001.fastq.gz	/mnt/shared/projects/jhi/potato/202103_RenSeq_Arbor/Arbor_HR02_Illumina/5930-SN_1_25_S1_L005_R2_001.fastq.gz
VR808_HR02_v5	/mnt/shared/projects/jhi/potato/202103_RenSeq_Arbor/Arbor_HR02_Illumina_23Apr2021/6112-JK-11_58_S1_L005_R1_001.fastq.gz	/mnt/shared/projects/jhi/potato/202103_RenSeq_Arbor/Arbor_HR02_Illumina_23Apr2021/6112-JK-11_58_S1_L005_R2_001.fastq.gz
Wilja	/mnt/shared/projects/jhi/potato/202103_RenSeq_Arbor/Arbor_HR02_Illumina/5930-SN_1_27_S1_L005_R1_001.fastq.gz	/mnt/shared/projects/jhi/potato/202103_RenSeq_Arbor/Arbor_HR02_Illumina/5930-SN_1_27_S1_L005_R2_001.fastq.gz
Winston	/mnt/shared/projects/jhi/potato/202103_RenSeq_Arbor/Arbor_HR02_Illumina_23Apr2021/6112-JK-11_59_S1_L005_R1_001.fastq.gz	/mnt/shared/projects/jhi/potato/202103_RenSeq_Arbor/Arbor_HR02_Illumina_23Apr2021/6112-JK-11_59_S1_L005_R2_001.fastq.gz
Yukon_Gold_HR02_v5	/mnt/shared/projects/jhi/potato/202103_RenSeq_Arbor/Arbor_HR02_Illumina_23Apr2021/6112-JK-11_60_S1_L005_R1_001.fastq.gz	/mnt/shared/projects/jhi/potato/202103_RenSeq_Arbor/Arbor_HR02_Illumina_23Apr2021/6112-JK-11_60_S1_L005_R2_001.fastq.gz
